{
    "version": 1,
    "supportedProjectTypes": [ ],
    "id": "Q.Qml.2",
    "category": "R.Qt",
    "trDescription": "Creates a QML file with boilerplate code, starting with \"import QtQuick 2.6\".",
    "trDisplayName": "QML File (Qt Quick 2)",
    "trDisplayCategory": "Qt",
    "enabled": "%{JS: [ %{Plugins} ].indexOf('QmlJSEditor') >= 0}",

    "options":
    [
        { "key": "SrcFileName", "value": "%{JS: Util.fileName('%{FileName}', '%{JS: Util.preferredSuffix('text/x-qml')}')}" }
    ],

    "pages" :
    [
        {
            "trDisplayName": "Location",
            "trShortTitle": "Location",
            "typeId": "File"
        },
        {
            "trDisplayName": "Project Management",
            "trShortTitle": "Summary",
            "typeId": "Summary"
        }
    ],
    "generators" :
    [
        {
            "typeId": "File",
            "data":
            {
                "source": "file.qml.tpl",
                "target": "%{JS: Util.fileName('%{TargetPath}', '%{JS: Util.preferredSuffix('text/x-qml')}')}",
                "openInEditor": true
            }
        }
    ]
}
