{
    "version": 1,
    "supportedProjectTypes": [ ],
    "id": "A.CppQmlClass",
    "category": "O.C++",
    "trDescription": "Creates a C++ header and a source file for a new class for use with QML.",
    "trDisplayName": "C++ Class for QML",
    "trDisplayCategory": "C++",
    "icon": "../../global/genericfilewizard.png",
    "enabled": "%{JS: [ %{Plugins} ].indexOf('CppEditor') >= 0}",

    "options":
    [
        { "key": "TargetPath", "value": "%{Path}" },
        { "key": "HdrPath", "value": "%{Path}/%{HdrFileName}" },
        { "key": "SrcPath", "value": "%{Path}/%{SrcFileName}" },
        { "key": "CN", "value": "%{JS: Cpp.className('%{Class}')}" },
        { "key": "isQObject", "value": "%{JS: [ 'QObject', 'QWidget', 'QMainWindow', 'QDeclarativeItem', 'QQuickItem'].indexOf('%{Base}') >= 0 }" },
        { "key": "GUARD", "value": "%{JS: Cpp.headerGuard('%{HdrFileName}')}" },
        { "key": "SharedDataInit", "value": "%{JS: ('%{IncludeQSharedData}') ? 'data(new %{CN}Data)' : '' }" }
    ],

    "pages":
    [
        {
            "trDisplayName": "Define Singleton",
            "trShortTitle": "Details",
            "typeId": "Fields",
            "data" :
            [
                {
                    "name": "Class",
                    "trDisplayName": "Class name:",
                    "mandatory": true,
                    "type": "LineEdit",
                    "data": { "validator": "(?:(?:[a-zA-Z_][a-zA-Z_0-9]*::)*[a-zA-Z_][a-zA-Z_0-9]*|)" }
                },
                {
                    "name": "Sp2",
                    "type": "Spacer",
                    "data": { "size": 12 }
                },

                {
                    "name": "HdrFileName",
                    "type": "LineEdit",
                    "trDisplayName": "Header file:",
                    "mandatory": true,
                    "data": { "trText": "%{JS: Cpp.classToFileName('%{Class}', '%{JS: Util.preferredSuffix('text/x-c++hdr')}')}" }
                },
                {
                    "name": "SrcFileName",
                    "type": "LineEdit",
                    "trDisplayName": "Source file:",
                    "mandatory": true,
                    "data": { "trText": "%{JS: Cpp.classToFileName('%{Class}', '%{JS: Util.preferredSuffix('text/x-c++src')}')}" }
                },
                {
                    "name": "Path",
                    "type": "PathChooser",
                    "trDisplayName": "Path:",
                    "mandatory": true,
                    "data":
                    {
                        "kind": "existingDirectory",
                        "basePath": "%{InitialPath}",
                        "path": "%{InitialPath}"
                    }
                }
            ]
        },
        {
            "trDisplayName": "Project Management",
            "trShortTitle": "Summary",
            "typeId": "Summary"
        }
    ],

    "generators":
    [
        {
            "typeId": "File",
            "data":
            [
                {
                    "source": "file.h",
                    "target": "%{HdrPath}",
                    "openInEditor": true,
                    "options": [
                        { "key": "Cpp:License:FileName", "value": "%{HdrFileName}" },
                        { "key": "Cpp:License:ClassName", "value": "%{CN}" }
                    ]
                },
                {
                    "source": "file.cpp",
                    "target": "%{SrcPath}",
                    "openInEditor": true,
                    "options": [
                        { "key": "Cpp:License:FileName", "value": "%{SrcFileName}" },
                        { "key": "Cpp:License:ClassName", "value": "%{CN}" }
                    ]
                }
            ]
        }
    ]
}
