{
    "version": 1,
    "supportedProjectTypes": [ ],
    "id": "B.Source",
    "category": "O.C++",
    "trDescription": "Creates a C++ source file that you can add to a C++ project.",
    "trDisplayName": "C++ Source File",
    "trDisplayCategory": "C++",
    "enabled": "%{JS: [ %{Plugins} ].indexOf('CppEditor') >= 0}",

    "options": [
        { "key": "FullFilePath", "value": "%{JS: Cpp.fileName('%{TargetPath}', '%{JS: Util.preferredSuffix('text/x-c++src')}')}" },
        { "key": "SrcFileName", "value": "%{JS: Cpp.fileName('%{FileName}', '%{JS: Util.preferredSuffix('text/x-c++src')}')}" }
    ],

    "pages" :
    [
        {
            "trDisplayName": "Location",
            "trShortTitle": "Location",
            "typeId": "File"
        },
        {
            "trDisplayName": "Project Management",
            "trShortTitle": "Summary",
            "typeId": "Summary"
        }
    ],
    "generators" :
    [
        {
            "typeId": "File",
            "data":
            {
                "source": "file.cpp",
                "target": "%{FullFilePath}",
                "openInEditor": true,
                "options": { "key": "Cpp:License:FileName", "value": "%{JS: Util.completeBaseName('%{FullFilePath}')}" }
            }
        }
    ]
}
